first_name,last_name,email,company_name,address,city,county,state,zip,phone1,phone2,web
Char,Kines,CharHines@hotmail.com*,W Tc Industries Inc,3 Aspen St,Worcester,Worcester,MA,1602,508-429-8576,508-843-1426,http://www.wtcindustriesinc.com
Paul,Cartan,Paul.cartan@yahoo.com*,"Box, J Calvin Esq",9390 S Howell Ave,Albany,Dougherty,GA,31701,229-735-3378,229-365-9658,http://www.boxjcalvinesq.com
Joe,Lary,Joe_lary@cox.net*,"Matricciani, Albert J Jr",8597 W National Ave,Cocoa,Brevard,FL,32922,321-749-4981,321-632-4668,http://www.matriccianialbertjjr.com
Mark,Hagele,Mhagele@cox.net*,Ninas Indian Grs & Videos,627 Walford Ave,Dallas,Dallas,TX,75227,214-339-1809,214-225-5850,http://www.ninasindiangrsvideos.com
Bill,Frey,Bill_frey@frey.com*,Woodbridge Free Public Library,54169 N Main St,Massapequa,Nassau,NY,11758,516-948-5768,516-357-3362,http://www.woodbridgefreepubliclibrary.com
